,0,1,2,3,4,5
0,2019-04-01 00:00:00.006,1.5778400000000001,1.57817,0.0,0.0,134
1,2019-04-01 00:00:00.072,1.57785,1.57817,0.0,0.0,130
2,2019-04-01 00:00:00.157,1.5778699999999999,1.5781800000000001,0.0,0.0,134
3,2019-04-01 00:00:00.256,1.5779,1.5781800000000001,0.0,0.0,130
4,2019-04-01 00:00:00.328,1.57793,1.5782,0.0,0.0,134
5,2019-04-01 00:00:00.376,1.57793,1.57824,0.0,0.0,4
6,2019-04-01 00:00:00.443,1.57794,1.5782699999999998,0.0,0.0,134
7,2019-04-01 00:00:00.494,1.57795,1.57826,0.0,0.0,134
8,2019-04-01 00:00:00.549,1.57794,1.57826,0.0,0.0,130
9,2019-04-01 00:00:00.668,1.57797,1.57829,0.0,0.0,134
10,2019-04-01 00:00:00.727,1.57799,1.5783,0.0,0.0,134
11,2019-04-01 00:00:00.839,1.57797,1.57828,0.0,0.0,134
12,2019-04-01 00:00:00.898,1.57793,1.5782500000000002,0.0,0.0,134
13,2019-04-01 00:00:00.945,1.57793,1.57824,0.0,0.0,4
14,2019-04-01 00:00:01.072,1.57793,1.57823,0.0,0.0,4
15,2019-04-01 00:00:01.286,1.57793,1.57824,0.0,0.0,4
16,2019-04-01 00:00:01.356,1.5779100000000001,1.57824,0.0,0.0,130
17,2019-04-01 00:00:01.436,1.57792,1.5782500000000002,0.0,0.0,134
18,2019-04-01 00:00:01.588,1.5779100000000001,1.57826,0.0,0.0,134
19,2019-04-01 00:00:01.639,1.57792,1.5782500000000002,0.0,0.0,134
20,2019-04-01 00:00:01.706,1.5779100000000001,1.57822,0.0,0.0,134
21,2019-04-01 00:00:01.836,1.57788,1.57821,0.0,0.0,134
22,2019-04-01 00:00:01.928,1.57788,1.5781800000000001,0.0,0.0,4
23,2019-04-01 00:00:02.016,1.5778699999999999,1.57819,0.0,0.0,134
24,2019-04-01 00:00:02.793,1.57783,1.57819,0.0,0.0,130
25,2019-04-01 00:00:02.983,1.57788,1.57819,0.0,0.0,130
26,2019-04-01 00:00:03.586,1.57789,1.57819,0.0,0.0,130
27,2019-04-01 00:00:03.930,1.57789,1.5782,0.0,0.0,4
28,2019-04-01 00:00:03.993,1.57788,1.5782,0.0,0.0,130
29,2019-04-01 00:00:07.088,1.57788,1.57819,0.0,0.0,4
30,2019-04-01 00:00:07.204,1.57785,1.57816,0.0,0.0,134
31,2019-04-01 00:00:07.284,1.57785,1.57815,0.0,0.0,4
32,2019-04-01 00:00:07.349,1.57782,1.5781399999999999,0.0,0.0,134
33,2019-04-01 00:00:07.794,1.57785,1.57816,0.0,0.0,134
34,2019-04-01 00:00:07.873,1.57789,1.57816,0.0,0.0,130
35,2019-04-01 00:00:08.497,1.57786,1.5781800000000001,0.0,0.0,134
36,2019-04-01 00:00:10.060,1.57792,1.5781800000000001,0.0,0.0,130
37,2019-04-01 00:00:10.119,1.57796,1.57822,0.0,0.0,134
38,2019-04-01 00:00:10.201,1.57803,1.57828,0.0,0.0,134
39,2019-04-01 00:00:10.267,1.57803,1.57832,0.0,0.0,4
40,2019-04-01 00:00:10.352,1.57803,1.57833,0.0,0.0,4
41,2019-04-01 00:00:10.463,1.57803,1.57832,0.0,0.0,4
42,2019-04-01 00:00:10.529,1.57803,1.57831,0.0,0.0,4
43,2019-04-01 00:00:10.620,1.57803,1.5783,0.0,0.0,4
44,2019-04-01 00:00:10.804,1.57801,1.5783,0.0,0.0,130
45,2019-04-01 00:00:11.172,1.5779800000000002,1.5783,0.0,0.0,130
46,2019-04-01 00:00:11.667,1.57799,1.5783,0.0,0.0,130
47,2019-04-01 00:00:12.170,1.5779800000000002,1.5783,0.0,0.0,130
48,2019-04-01 00:00:12.882,1.57799,1.5783,0.0,0.0,130
49,2019-04-01 00:00:13.384,1.5779800000000002,1.5783,0.0,0.0,130
50,2019-04-01 00:00:13.877,1.57799,1.5783,0.0,0.0,130
51,2019-04-01 00:00:14.382,1.5779800000000002,1.5783,0.0,0.0,130
52,2019-04-01 00:00:14.877,1.57801,1.5783,0.0,0.0,130
53,2019-04-01 00:00:15.385,1.5779999999999998,1.5783,0.0,0.0,130
54,2019-04-01 00:00:16.909,1.5779800000000002,1.5783,0.0,0.0,130
55,2019-04-01 00:00:16.976,1.57797,1.57829,0.0,0.0,134
56,2019-04-01 00:00:17.059,1.57796,1.5782699999999998,0.0,0.0,134
57,2019-04-01 00:00:17.112,1.57793,1.57826,0.0,0.0,134
58,2019-04-01 00:00:17.168,1.57792,1.57819,0.0,0.0,134
59,2019-04-01 00:00:17.221,1.57786,1.57816,0.0,0.0,134
60,2019-04-01 00:00:17.278,1.57786,1.5781399999999999,0.0,0.0,4
61,2019-04-01 00:00:17.343,1.57786,1.5781,0.0,0.0,4
62,2019-04-01 00:00:17.397,1.57786,1.57813,0.0,0.0,4
63,2019-04-01 00:00:17.470,1.57782,1.5781100000000001,0.0,0.0,134
64,2019-04-01 00:00:17.580,1.57782,1.57808,0.0,0.0,4
65,2019-04-01 00:00:17.914,1.5777999999999999,1.57808,0.0,0.0,130
66,2019-04-01 00:00:18.387,1.5777999999999999,1.57809,0.0,0.0,4
67,2019-04-01 00:00:18.741,1.57781,1.57809,0.0,0.0,130
68,2019-04-01 00:00:20.073,1.57781,1.5781,0.0,0.0,4
69,2019-04-01 00:00:23.564,1.57781,1.5781100000000001,0.0,0.0,4
70,2019-04-01 00:00:25.985,1.57781,1.57812,0.0,0.0,4
71,2019-04-01 00:00:26.800,1.57782,1.57812,0.0,0.0,130
72,2019-04-01 00:00:27.435,1.57782,1.57813,0.0,0.0,4
73,2019-04-01 00:00:27.737,1.5778400000000001,1.5781399999999999,0.0,0.0,134
74,2019-04-01 00:00:28.582,1.5778400000000001,1.57815,0.0,0.0,4
75,2019-04-01 00:00:30.034,1.57783,1.57815,0.0,0.0,130
76,2019-04-01 00:00:30.161,1.57783,1.57816,0.0,0.0,4
77,2019-04-01 00:00:30.220,1.57785,1.57817,0.0,0.0,134
78,2019-04-01 00:00:30.282,1.57792,1.5782,0.0,0.0,134
79,2019-04-01 00:00:30.347,1.57794,1.57821,0.0,0.0,134
80,2019-04-01 00:00:30.412,1.57803,1.57826,0.0,0.0,134
81,2019-04-01 00:00:30.465,1.57803,1.5783399999999999,0.0,0.0,4
82,2019-04-01 00:00:30.528,1.57802,1.57828,0.0,0.0,134
83,2019-04-01 00:00:30.583,1.5779100000000001,1.57817,0.0,0.0,134
84,2019-04-01 00:00:30.635,1.57786,1.57817,0.0,0.0,130
85,2019-04-01 00:00:30.759,1.57786,1.5781399999999999,0.0,0.0,4
86,2019-04-01 00:00:30.917,1.57783,1.5781399999999999,0.0,0.0,130
87,2019-04-01 00:00:31.258,1.57782,1.5781399999999999,0.0,0.0,130
88,2019-04-01 00:00:31.860,1.57783,1.5781399999999999,0.0,0.0,130
89,2019-04-01 00:00:32.355,1.5778400000000001,1.5781399999999999,0.0,0.0,130
90,2019-04-01 00:00:32.979,1.5778400000000001,1.57815,0.0,0.0,4
91,2019-04-01 00:00:33.144,1.57785,1.57815,0.0,0.0,130
92,2019-04-01 00:00:33.229,1.57785,1.57812,0.0,0.0,4
93,2019-04-01 00:00:33.882,1.57786,1.57812,0.0,0.0,130
94,2019-04-01 00:00:33.954,1.57786,1.57813,0.0,0.0,4
95,2019-04-01 00:00:34.052,1.57786,1.57815,0.0,0.0,4
96,2019-04-01 00:00:34.151,1.57786,1.57816,0.0,0.0,4
97,2019-04-01 00:00:35.914,1.57788,1.57816,0.0,0.0,130
98,2019-04-01 00:00:36.011,1.57788,1.57815,0.0,0.0,4
99,2019-04-01 00:00:36.394,1.57785,1.57815,0.0,0.0,130
100,2019-04-01 00:00:37.118,1.57786,1.57815,0.0,0.0,130
101,2019-04-01 00:00:37.619,1.57785,1.57815,0.0,0.0,130
102,2019-04-01 00:00:38.667,1.57785,1.5781399999999999,0.0,0.0,4
103,2019-04-01 00:00:41.164,1.57785,1.57815,0.0,0.0,4
104,2019-04-01 00:00:41.520,1.57786,1.57815,0.0,0.0,130
105,2019-04-01 00:00:41.919,1.57785,1.57815,0.0,0.0,130
106,2019-04-01 00:00:44.371,1.57785,1.5781399999999999,0.0,0.0,4
107,2019-04-01 00:00:45.838,1.5778400000000001,1.57812,0.0,0.0,134
108,2019-04-01 00:00:47.659,1.5777999999999999,1.5781100000000001,0.0,0.0,134
109,2019-04-01 00:00:47.723,1.57785,1.5781,0.0,0.0,134
110,2019-04-01 00:00:47.894,1.57782,1.5781,0.0,0.0,130
111,2019-04-01 00:00:48.390,1.5777999999999999,1.5781,0.0,0.0,130
112,2019-04-01 00:00:49.880,1.57782,1.5781,0.0,0.0,130
113,2019-04-01 00:00:49.947,1.57782,1.57808,0.0,0.0,4
114,2019-04-01 00:00:50.194,1.57779,1.5780699999999999,0.0,0.0,134
115,2019-04-01 00:00:50.615,1.57778,1.5780699999999999,0.0,0.0,130
116,2019-04-01 00:00:51.803,1.5777700000000001,1.57805,0.0,0.0,134
117,2019-04-01 00:00:51.954,1.57774,1.57804,0.0,0.0,134
118,2019-04-01 00:00:52.006,1.57768,1.57793,0.0,0.0,134
119,2019-04-01 00:00:52.065,1.57765,1.5779,0.0,0.0,134
120,2019-04-01 00:00:52.532,1.57763,1.5779,0.0,0.0,130
121,2019-04-01 00:00:53.473,1.57762,1.57789,0.0,0.0,134
122,2019-04-01 00:00:53.558,1.5775700000000001,1.5778699999999999,0.0,0.0,134
123,2019-04-01 00:00:53.610,1.5775700000000001,1.57783,0.0,0.0,4
124,2019-04-01 00:00:53.815,1.57755,1.57783,0.0,0.0,130
125,2019-04-01 00:00:54.310,1.57754,1.57783,0.0,0.0,130
126,2019-04-01 00:00:54.718,1.5775700000000001,1.57783,0.0,0.0,130
127,2019-04-01 00:00:54.829,1.5775700000000001,1.57788,0.0,0.0,4
128,2019-04-01 00:00:55.114,1.5776,1.57788,0.0,0.0,130
129,2019-04-01 00:00:55.247,1.5776,1.57789,0.0,0.0,4
130,2019-04-01 00:00:55.312,1.5776599999999998,1.57789,0.0,0.0,130
131,2019-04-01 00:00:55.397,1.57768,1.5779800000000002,0.0,0.0,134
132,2019-04-01 00:00:55.450,1.57767,1.57799,0.0,0.0,134
133,2019-04-01 00:00:55.512,1.5776599999999998,1.57799,0.0,0.0,130
134,2019-04-01 00:00:57.512,1.5776599999999998,1.57797,0.0,0.0,4
135,2019-04-01 00:00:59.426,1.57765,1.57796,0.0,0.0,134
136,2019-04-01 00:01:00.102,1.57765,1.57796,0.0,0.0,130
137,2019-04-01 00:01:00.168,1.5776599999999998,1.57796,0.0,0.0,130
138,2019-04-01 00:01:00.207,1.57768,1.57799,0.0,0.0,134
139,2019-04-01 00:01:00.343,1.57768,1.5779800000000002,0.0,0.0,4
140,2019-04-01 00:01:00.918,1.5776599999999998,1.5779800000000002,0.0,0.0,130
141,2019-04-01 00:01:01.036,1.57765,1.57797,0.0,0.0,134
142,2019-04-01 00:01:02.806,1.57765,1.57796,0.0,0.0,4
143,2019-04-01 00:01:02.983,1.5776400000000002,1.57796,0.0,0.0,130
144,2019-04-01 00:01:03.080,1.5776400000000002,1.57795,0.0,0.0,4
145,2019-04-01 00:01:04.087,1.57763,1.57795,0.0,0.0,130
146,2019-04-01 00:01:05.991,1.57763,1.57794,0.0,0.0,4
147,2019-04-01 00:01:06.041,1.57762,1.57793,0.0,0.0,134
148,2019-04-01 00:01:06.105,1.57762,1.57794,0.0,0.0,4
149,2019-04-01 00:01:07.458,1.57762,1.57793,0.0,0.0,4
150,2019-04-01 00:01:07.550,1.5776,1.57789,0.0,0.0,134
151,2019-04-01 00:01:07.662,1.57758,1.57785,0.0,0.0,134
152,2019-04-01 00:01:08.029,1.57755,1.57785,0.0,0.0,130
153,2019-04-01 00:01:08.125,1.57755,1.5778400000000001,0.0,0.0,4
154,2019-04-01 00:01:08.179,1.57754,1.5778400000000001,0.0,0.0,130
155,2019-04-01 00:01:08.685,1.5775299999999999,1.5778400000000001,0.0,0.0,130
156,2019-04-01 00:01:09.793,1.5775299999999999,1.57785,0.0,0.0,4
157,2019-04-01 00:01:09.852,1.57754,1.57786,0.0,0.0,134
158,2019-04-01 00:01:10.189,1.57755,1.57788,0.0,0.0,134
159,2019-04-01 00:01:10.834,1.57754,1.57786,0.0,0.0,134
160,2019-04-01 00:01:10.887,1.57754,1.5777700000000001,0.0,0.0,4
161,2019-04-01 00:01:10.942,1.57744,1.57772,0.0,0.0,134
162,2019-04-01 00:01:10.993,1.57741,1.57771,0.0,0.0,134
163,2019-04-01 00:01:11.072,1.57738,1.57771,0.0,0.0,130
164,2019-04-01 00:01:11.111,1.5774599999999999,1.57772,0.0,0.0,134
165,2019-04-01 00:01:11.165,1.57744,1.57774,0.0,0.0,134
166,2019-04-01 00:01:11.223,1.57743,1.57774,0.0,0.0,130
167,2019-04-01 00:01:11.287,1.57743,1.5777,0.0,0.0,4
168,2019-04-01 00:01:11.338,1.57741,1.5777299999999999,0.0,0.0,134
169,2019-04-01 00:01:11.405,1.57741,1.57774,0.0,0.0,4
170,2019-04-01 00:01:11.480,1.57742,1.57772,0.0,0.0,134
171,2019-04-01 00:01:11.565,1.57744,1.57772,0.0,0.0,130
172,2019-04-01 00:01:11.631,1.5774599999999999,1.57776,0.0,0.0,134
173,2019-04-01 00:01:11.685,1.57747,1.57776,0.0,0.0,130
174,2019-04-01 00:01:11.744,1.57747,1.5777700000000001,0.0,0.0,4
175,2019-04-01 00:01:11.981,1.57747,1.57776,0.0,0.0,4
176,2019-04-01 00:01:12.046,1.57745,1.57772,0.0,0.0,134
177,2019-04-01 00:01:12.153,1.57743,1.5777,0.0,0.0,134
178,2019-04-01 00:01:12.425,1.57745,1.5777299999999999,0.0,0.0,134
179,2019-04-01 00:01:12.491,1.57745,1.57776,0.0,0.0,4
180,2019-04-01 00:01:15.282,1.57747,1.57778,0.0,0.0,134
181,2019-04-01 00:01:15.348,1.57748,1.5777999999999999,0.0,0.0,134
182,2019-04-01 00:01:16.741,1.57749,1.5777999999999999,0.0,0.0,130
183,2019-04-01 00:01:18.954,1.57748,1.5777999999999999,0.0,0.0,130
184,2019-04-01 00:01:20.956,1.5775000000000001,1.5777999999999999,0.0,0.0,130
185,2019-04-01 00:01:20.995,1.57752,1.57781,0.0,0.0,134
186,2019-04-01 00:01:21.049,1.57752,1.57783,0.0,0.0,4
187,2019-04-01 00:01:21.108,1.5775000000000001,1.57778,0.0,0.0,134
188,2019-04-01 00:01:21.213,1.57747,1.57775,0.0,0.0,134
189,2019-04-01 00:01:21.299,1.57747,1.5777700000000001,0.0,0.0,4
190,2019-04-01 00:01:21.364,1.57747,1.57774,0.0,0.0,4
191,2019-04-01 00:01:21.424,1.57747,1.57776,0.0,0.0,4
192,2019-04-01 00:01:21.945,1.5774599999999999,1.5777700000000001,0.0,0.0,134
193,2019-04-01 00:01:23.512,1.57747,1.5777700000000001,0.0,0.0,130
194,2019-04-01 00:01:23.804,1.57747,1.57778,0.0,0.0,4
195,2019-04-01 00:01:23.954,1.57748,1.57779,0.0,0.0,134
196,2019-04-01 00:01:24.190,1.57747,1.57778,0.0,0.0,134
197,2019-04-01 00:01:24.820,1.57747,1.5777700000000001,0.0,0.0,4
198,2019-04-01 00:01:24.894,1.5774599999999999,1.5777700000000001,0.0,0.0,130
199,2019-04-01 00:01:24.947,1.57747,1.5777700000000001,0.0,0.0,130
200,2019-04-01 00:01:26.114,1.57747,1.57774,0.0,0.0,4
201,2019-04-01 00:01:26.165,1.57744,1.57774,0.0,0.0,130
202,2019-04-01 00:01:26.316,1.57744,1.57775,0.0,0.0,4
203,2019-04-01 00:01:26.389,1.57744,1.57774,0.0,0.0,4
204,2019-04-01 00:01:26.441,1.57743,1.57774,0.0,0.0,130
205,2019-04-01 00:01:26.811,1.57741,1.57774,0.0,0.0,130
206,2019-04-01 00:01:27.109,1.57741,1.57771,0.0,0.0,4
207,2019-04-01 00:01:27.208,1.5774,1.57769,0.0,0.0,134
208,2019-04-01 00:01:27.326,1.57738,1.57769,0.0,0.0,130
209,2019-04-01 00:01:27.695,1.5773700000000002,1.57769,0.0,0.0,130
210,2019-04-01 00:01:27.752,1.5773700000000002,1.57768,0.0,0.0,4
211,2019-04-01 00:01:27.811,1.57735,1.57768,0.0,0.0,130
212,2019-04-01 00:01:27.876,1.57736,1.5776599999999998,0.0,0.0,134
213,2019-04-01 00:01:30.122,1.57736,1.57765,0.0,0.0,4
214,2019-04-01 00:01:30.916,1.57735,1.57765,0.0,0.0,130
215,2019-04-01 00:01:30.968,1.57733,1.5776400000000002,0.0,0.0,134
216,2019-04-01 00:01:31.026,1.57733,1.57762,0.0,0.0,4
217,2019-04-01 00:01:31.096,1.57732,1.57762,0.0,0.0,130
218,2019-04-01 00:01:31.580,1.57732,1.57763,0.0,0.0,4
219,2019-04-01 00:01:31.688,1.57731,1.57763,0.0,0.0,130
220,2019-04-01 00:01:34.481,1.57733,1.57762,0.0,0.0,134
221,2019-04-01 00:01:34.568,1.57734,1.57765,0.0,0.0,134
222,2019-04-01 00:01:34.624,1.57733,1.5776400000000002,0.0,0.0,134
223,2019-04-01 00:01:34.699,1.57733,1.57762,0.0,0.0,4
224,2019-04-01 00:01:34.765,1.57732,1.57762,0.0,0.0,130
225,2019-04-01 00:01:34.837,1.57731,1.57761,0.0,0.0,134
226,2019-04-01 00:01:34.896,1.57729,1.57761,0.0,0.0,130
227,2019-04-01 00:01:35.516,1.5773000000000001,1.57761,0.0,0.0,130
228,2019-04-01 00:01:36.201,1.57729,1.57761,0.0,0.0,130
229,2019-04-01 00:01:36.278,1.57729,1.5776,0.0,0.0,4
230,2019-04-01 00:01:36.383,1.57729,1.57759,0.0,0.0,4
231,2019-04-01 00:01:36.475,1.57728,1.57759,0.0,0.0,130
232,2019-04-01 00:01:37.032,1.57728,1.5776,0.0,0.0,4
233,2019-04-01 00:01:37.189,1.57728,1.57758,0.0,0.0,4
234,2019-04-01 00:01:37.283,1.57727,1.57758,0.0,0.0,130
235,2019-04-01 00:01:37.379,1.57727,1.5775700000000001,0.0,0.0,4
236,2019-04-01 00:01:37.458,1.5772599999999999,1.57758,0.0,0.0,134
237,2019-04-01 00:01:37.774,1.57727,1.5775700000000001,0.0,0.0,134
238,2019-04-01 00:01:37.820,1.57725,1.57756,0.0,0.0,134
239,2019-04-01 00:01:37.892,1.57725,1.5775700000000001,0.0,0.0,4
240,2019-04-01 00:01:38.076,1.57725,1.57756,0.0,0.0,4
241,2019-04-01 00:01:38.161,1.57724,1.57755,0.0,0.0,134
242,2019-04-01 00:01:38.280,1.5772599999999999,1.57755,0.0,0.0,130
243,2019-04-01 00:01:38.354,1.5772599999999999,1.5775700000000001,0.0,0.0,4
244,2019-04-01 00:01:38.414,1.57728,1.5775700000000001,0.0,0.0,130
245,2019-04-01 00:01:38.465,1.57728,1.57758,0.0,0.0,4
246,2019-04-01 00:01:38.518,1.57727,1.5775700000000001,0.0,0.0,134
247,2019-04-01 00:01:38.617,1.57727,1.57758,0.0,0.0,4
248,2019-04-01 00:01:38.961,1.57729,1.57758,0.0,0.0,130
249,2019-04-01 00:01:42.320,1.57728,1.57758,0.0,0.0,130
250,2019-04-01 00:01:42.786,1.57727,1.57758,0.0,0.0,130
251,2019-04-01 00:01:42.851,1.57727,1.5775700000000001,0.0,0.0,4
252,2019-04-01 00:01:42.945,1.57728,1.57754,0.0,0.0,134
253,2019-04-01 00:01:43.043,1.57728,1.5775700000000001,0.0,0.0,4
254,2019-04-01 00:01:43.107,1.5772599999999999,1.5775700000000001,0.0,0.0,130
255,2019-04-01 00:01:43.161,1.57727,1.57759,0.0,0.0,134
256,2019-04-01 00:01:43.226,1.5773000000000001,1.5776,0.0,0.0,134
257,2019-04-01 00:01:43.276,1.57731,1.5776,0.0,0.0,130
258,2019-04-01 00:01:43.613,1.57733,1.57763,0.0,0.0,134
259,2019-04-01 00:01:43.706,1.57731,1.57762,0.0,0.0,134
260,2019-04-01 00:01:44.645,1.5773000000000001,1.57762,0.0,0.0,130
261,2019-04-01 00:01:44.974,1.5773000000000001,1.5776,0.0,0.0,4
262,2019-04-01 00:01:46.170,1.57731,1.5776,0.0,0.0,130
263,2019-04-01 00:01:46.237,1.57732,1.57763,0.0,0.0,134
264,2019-04-01 00:01:46.311,1.57732,1.5776,0.0,0.0,4
265,2019-04-01 00:01:46.555,1.57732,1.57763,0.0,0.0,4
266,2019-04-01 00:01:47.006,1.57733,1.57761,0.0,0.0,134
267,2019-04-01 00:01:47.511,1.57733,1.5776,0.0,0.0,4
268,2019-04-01 00:01:48.942,1.57733,1.57762,0.0,0.0,4
269,2019-04-01 00:01:49.380,1.57733,1.5776,0.0,0.0,4
270,2019-04-01 00:01:51.136,1.57733,1.57763,0.0,0.0,4
271,2019-04-01 00:01:51.211,1.57734,1.57763,0.0,0.0,130
272,2019-04-01 00:01:51.326,1.57733,1.57763,0.0,0.0,130
273,2019-04-01 00:01:51.372,1.57732,1.5776,0.0,0.0,134
274,2019-04-01 00:01:51.490,1.57731,1.5776,0.0,0.0,130
275,2019-04-01 00:01:51.823,1.57731,1.57761,0.0,0.0,4
276,2019-04-01 00:01:52.262,1.57731,1.57759,0.0,0.0,4
277,2019-04-01 00:01:55.733,1.5773000000000001,1.57759,0.0,0.0,130
278,2019-04-01 00:01:55.818,1.57729,1.57755,0.0,0.0,134
279,2019-04-01 00:01:55.882,1.57731,1.5776,0.0,0.0,134
280,2019-04-01 00:01:55.937,1.57732,1.5776,0.0,0.0,130
281,2019-04-01 00:01:56.011,1.57742,1.5777,0.0,0.0,134
282,2019-04-01 00:01:56.085,1.57741,1.57772,0.0,0.0,134
283,2019-04-01 00:01:56.370,1.57741,1.57771,0.0,0.0,4
284,2019-04-01 00:01:57.226,1.5774,1.57769,0.0,0.0,134
285,2019-04-01 00:01:58.224,1.5774,1.57771,0.0,0.0,4
286,2019-04-01 00:02:00.618,1.57741,1.57771,0.0,0.0,130
287,2019-04-01 00:02:01.092,1.57741,1.5777,0.0,0.0,4
288,2019-04-01 00:02:01.308,1.57745,1.57775,0.0,0.0,134
289,2019-04-01 00:02:01.409,1.57747,1.57776,0.0,0.0,134
290,2019-04-01 00:02:01.523,1.57747,1.57774,0.0,0.0,4
291,2019-04-01 00:02:01.653,1.57747,1.57776,0.0,0.0,4
292,2019-04-01 00:02:02.263,1.57749,1.57776,0.0,0.0,130
293,2019-04-01 00:02:03.038,1.57747,1.57776,0.0,0.0,130
294,2019-04-01 00:02:03.382,1.57751,1.57778,0.0,0.0,134
295,2019-04-01 00:02:03.611,1.57752,1.5777999999999999,0.0,0.0,134
296,2019-04-01 00:02:04.116,1.57752,1.57781,0.0,0.0,4
297,2019-04-01 00:02:04.168,1.57752,1.57782,0.0,0.0,4
298,2019-04-01 00:02:04.529,1.57752,1.57781,0.0,0.0,4
299,2019-04-01 00:02:09.570,1.5775299999999999,1.5777999999999999,0.0,0.0,134
300,2019-04-01 00:02:09.773,1.57754,1.57783,0.0,0.0,134
301,2019-04-01 00:02:09.865,1.57755,1.57783,0.0,0.0,130
302,2019-04-01 00:02:10.271,1.57755,1.57781,0.0,0.0,4
303,2019-04-01 00:02:11.796,1.57755,1.57782,0.0,0.0,4
304,2019-04-01 00:02:13.665,1.57755,1.5778400000000001,0.0,0.0,4
305,2019-04-01 00:02:13.763,1.57755,1.57785,0.0,0.0,4
306,2019-04-01 00:02:13.810,1.5776,1.57786,0.0,0.0,134
307,2019-04-01 00:02:13.905,1.5776,1.57789,0.0,0.0,4
308,2019-04-01 00:02:15.096,1.57758,1.57789,0.0,0.0,130
309,2019-04-01 00:02:18.187,1.57758,1.5778699999999999,0.0,0.0,4
310,2019-04-01 00:02:20.391,1.57759,1.5778699999999999,0.0,0.0,130
311,2019-04-01 00:02:20.716,1.57759,1.57788,0.0,0.0,4
312,2019-04-01 00:02:22.852,1.5776,1.57788,0.0,0.0,130
313,2019-04-01 00:02:23.454,1.57756,1.5778699999999999,0.0,0.0,134
314,2019-04-01 00:02:23.519,1.57754,1.57786,0.0,0.0,134
315,2019-04-01 00:02:23.572,1.57754,1.57783,0.0,0.0,4
316,2019-04-01 00:02:23.714,1.57752,1.57783,0.0,0.0,130
317,2019-04-01 00:02:24.042,1.57754,1.5778400000000001,0.0,0.0,134
318,2019-04-01 00:02:24.775,1.57754,1.57782,0.0,0.0,4
319,2019-04-01 00:02:26.239,1.57755,1.57782,0.0,0.0,130
320,2019-04-01 00:02:26.409,1.57756,1.57782,0.0,0.0,130
321,2019-04-01 00:02:26.773,1.57756,1.57783,0.0,0.0,4
322,2019-04-01 00:02:27.756,1.57756,1.57785,0.0,0.0,4
323,2019-04-01 00:02:28.185,1.57756,1.57783,0.0,0.0,4
324,2019-04-01 00:02:29.361,1.57756,1.5778400000000001,0.0,0.0,4
325,2019-04-01 00:02:30.269,1.57756,1.57785,0.0,0.0,4
326,2019-04-01 00:02:37.373,1.57756,1.57783,0.0,0.0,4
327,2019-04-01 00:02:37.877,1.57756,1.57781,0.0,0.0,4
328,2019-04-01 00:02:38.598,1.57756,1.57779,0.0,0.0,4
329,2019-04-01 00:02:39.876,1.57756,1.5777999999999999,0.0,0.0,4
330,2019-04-01 00:02:41.228,1.57755,1.5777999999999999,0.0,0.0,130
331,2019-04-01 00:02:41.297,1.57754,1.57778,0.0,0.0,134
332,2019-04-01 00:02:41.347,1.57747,1.57772,0.0,0.0,134
333,2019-04-01 00:02:41.400,1.57745,1.57772,0.0,0.0,130
334,2019-04-01 00:02:41.518,1.57743,1.57769,0.0,0.0,134
335,2019-04-01 00:02:41.629,1.5773899999999998,1.57767,0.0,0.0,134
336,2019-04-01 00:02:41.840,1.5773899999999998,1.5776599999999998,0.0,0.0,4
337,2019-04-01 00:02:42.565,1.5773899999999998,1.5776400000000002,0.0,0.0,4
338,2019-04-01 00:02:43.140,1.5773700000000002,1.5776400000000002,0.0,0.0,130
339,2019-04-01 00:02:44.088,1.5773700000000002,1.5776599999999998,0.0,0.0,4
340,2019-04-01 00:02:44.133,1.5773700000000002,1.57767,0.0,0.0,4
341,2019-04-01 00:02:44.185,1.57738,1.57767,0.0,0.0,130
342,2019-04-01 00:02:44.260,1.57738,1.57769,0.0,0.0,4
343,2019-04-01 00:02:44.312,1.5773700000000002,1.5777,0.0,0.0,134
344,2019-04-01 00:02:44.511,1.5773700000000002,1.57768,0.0,0.0,4
345,2019-04-01 00:02:44.829,1.57738,1.57768,0.0,0.0,130
346,2019-04-01 00:02:45.011,1.57738,1.57769,0.0,0.0,4
347,2019-04-01 00:02:45.937,1.5773700000000002,1.57769,0.0,0.0,130
348,2019-04-01 00:02:46.053,1.57736,1.57768,0.0,0.0,134
349,2019-04-01 00:02:46.153,1.57734,1.5776599999999998,0.0,0.0,134
350,2019-04-01 00:02:47.153,1.57733,1.57765,0.0,0.0,134
351,2019-04-01 00:02:47.304,1.57735,1.5776599999999998,0.0,0.0,134
352,2019-04-01 00:02:47.444,1.57734,1.5776599999999998,0.0,0.0,130
353,2019-04-01 00:02:47.804,1.57735,1.5776599999999998,0.0,0.0,130
354,2019-04-01 00:02:48.807,1.57735,1.57767,0.0,0.0,4
355,2019-04-01 00:02:49.486,1.57735,1.57765,0.0,0.0,4
356,2019-04-01 00:02:49.561,1.57734,1.57765,0.0,0.0,130
357,2019-04-01 00:02:49.620,1.57734,1.5776599999999998,0.0,0.0,4
358,2019-04-01 00:02:49.685,1.57732,1.5776400000000002,0.0,0.0,134
359,2019-04-01 00:02:49.785,1.57731,1.57763,0.0,0.0,134
360,2019-04-01 00:02:49.869,1.5773000000000001,1.57763,0.0,0.0,130
361,2019-04-01 00:02:51.290,1.57732,1.57763,0.0,0.0,130
362,2019-04-01 00:02:51.591,1.57732,1.5776400000000002,0.0,0.0,4
363,2019-04-01 00:02:51.689,1.57733,1.5776400000000002,0.0,0.0,130
364,2019-04-01 00:02:52.785,1.57733,1.5776599999999998,0.0,0.0,4
365,2019-04-01 00:02:53.191,1.57732,1.5776400000000002,0.0,0.0,134
366,2019-04-01 00:02:54.910,1.57731,1.57763,0.0,0.0,134
367,2019-04-01 00:02:55.009,1.57732,1.57763,0.0,0.0,130
368,2019-04-01 00:02:55.118,1.57732,1.5776400000000002,0.0,0.0,4
369,2019-04-01 00:02:55.192,1.57732,1.57763,0.0,0.0,4
370,2019-04-01 00:02:55.420,1.57731,1.57763,0.0,0.0,130
371,2019-04-01 00:02:55.515,1.5773000000000001,1.57763,0.0,0.0,130
372,2019-04-01 00:02:55.674,1.5773000000000001,1.57761,0.0,0.0,4
373,2019-04-01 00:02:56.611,1.5773000000000001,1.57759,0.0,0.0,4
374,2019-04-01 00:02:59.758,1.57731,1.57759,0.0,0.0,130
375,2019-04-01 00:03:00.218,1.57731,1.57763,0.0,0.0,134
376,2019-04-01 00:03:00.575,1.57731,1.57761,0.0,0.0,4
377,2019-04-01 00:03:02.012,1.57731,1.57756,0.0,0.0,4
378,2019-04-01 00:03:02.065,1.5773000000000001,1.57751,0.0,0.0,134
379,2019-04-01 00:03:02.164,1.57721,1.57752,0.0,0.0,134
380,2019-04-01 00:03:02.220,1.57721,1.5775000000000001,0.0,0.0,4
381,2019-04-01 00:03:02.283,1.57718,1.5775000000000001,0.0,0.0,130
382,2019-04-01 00:03:02.419,1.5771899999999999,1.5775000000000001,0.0,0.0,130
383,2019-04-01 00:03:02.528,1.5771899999999999,1.57749,0.0,0.0,4
384,2019-04-01 00:03:02.627,1.5771899999999999,1.5775000000000001,0.0,0.0,4
385,2019-04-01 00:03:03.208,1.57718,1.5775000000000001,0.0,0.0,130
386,2019-04-01 00:03:05.934,1.5771899999999999,1.5775000000000001,0.0,0.0,130
387,2019-04-01 00:03:06.337,1.5772,1.5775000000000001,0.0,0.0,130
388,2019-04-01 00:03:07.399,1.5772,1.57748,0.0,0.0,4
389,2019-04-01 00:03:11.156,1.5771899999999999,1.57748,0.0,0.0,130
390,2019-04-01 00:03:11.558,1.5771899999999999,1.57749,0.0,0.0,4
391,2019-04-01 00:03:12.138,1.5771899999999999,1.57748,0.0,0.0,4
392,2019-04-01 00:03:12.659,1.57718,1.57748,0.0,0.0,130
393,2019-04-01 00:03:13.132,1.57718,1.5775000000000001,0.0,0.0,4
394,2019-04-01 00:03:13.306,1.57718,1.57749,0.0,0.0,4
395,2019-04-01 00:03:14.134,1.57718,1.57748,0.0,0.0,4
396,2019-04-01 00:03:14.240,1.57718,1.57749,0.0,0.0,4
397,2019-04-01 00:03:14.307,1.5772,1.57749,0.0,0.0,130
398,2019-04-01 00:03:14.400,1.57721,1.57751,0.0,0.0,134
399,2019-04-01 00:03:14.463,1.57722,1.5775299999999999,0.0,0.0,134
400,2019-04-01 00:03:14.635,1.57722,1.57751,0.0,0.0,4
401,2019-04-01 00:03:15.121,1.5772300000000001,1.57751,0.0,0.0,130
402,2019-04-01 00:03:16.712,1.5772300000000001,1.5775299999999999,0.0,0.0,4
403,2019-04-01 00:03:17.209,1.5772300000000001,1.57751,0.0,0.0,4
404,2019-04-01 00:03:17.712,1.5772300000000001,1.57752,0.0,0.0,4
405,2019-04-01 00:03:18.408,1.5772300000000001,1.5775000000000001,0.0,0.0,4
406,2019-04-01 00:03:18.917,1.5772300000000001,1.57752,0.0,0.0,4
407,2019-04-01 00:03:19.407,1.5772300000000001,1.5775000000000001,0.0,0.0,4
408,2019-04-01 00:03:21.362,1.57721,1.5775000000000001,0.0,0.0,130
409,2019-04-01 00:03:21.506,1.5771899999999999,1.5775000000000001,0.0,0.0,130
410,2019-04-01 00:03:21.696,1.5771899999999999,1.57751,0.0,0.0,4
411,2019-04-01 00:03:22.758,1.5771899999999999,1.5775000000000001,0.0,0.0,4
412,2019-04-01 00:03:22.849,1.5771899999999999,1.57749,0.0,0.0,4
413,2019-04-01 00:03:22.959,1.57718,1.57749,0.0,0.0,130
414,2019-04-01 00:03:25.461,1.57718,1.57748,0.0,0.0,4
415,2019-04-01 00:03:25.684,1.57717,1.57749,0.0,0.0,134
416,2019-04-01 00:03:26.019,1.57717,1.57748,0.0,0.0,4
417,2019-04-01 00:03:27.480,1.57717,1.57747,0.0,0.0,4
418,2019-04-01 00:03:27.750,1.57718,1.57747,0.0,0.0,130
419,2019-04-01 00:03:27.987,1.57718,1.57745,0.0,0.0,4
420,2019-04-01 00:03:29.435,1.57718,1.57748,0.0,0.0,4
421,2019-04-01 00:03:29.584,1.57717,1.57747,0.0,0.0,134
422,2019-04-01 00:03:31.952,1.57717,1.5774599999999999,0.0,0.0,4
423,2019-04-01 00:03:32.981,1.57717,1.57747,0.0,0.0,4
424,2019-04-01 00:03:35.064,1.5771600000000001,1.57747,0.0,0.0,130
425,2019-04-01 00:03:50.434,1.57717,1.57747,0.0,0.0,130
426,2019-04-01 00:03:54.592,1.5771600000000001,1.57745,0.0,0.0,134
427,2019-04-01 00:03:55.323,1.57717,1.57747,0.0,0.0,134
428,2019-04-01 00:03:58.226,1.57718,1.57747,0.0,0.0,130
429,2019-04-01 00:03:58.292,1.57717,1.57747,0.0,0.0,130
430,2019-04-01 00:03:58.744,1.57717,1.57748,0.0,0.0,4
431,2019-04-01 00:03:58.805,1.57718,1.57748,0.0,0.0,130
432,2019-04-01 00:03:58.891,1.57721,1.5775000000000001,0.0,0.0,134
433,2019-04-01 00:03:58.950,1.5772300000000001,1.57751,0.0,0.0,134
434,2019-04-01 00:03:59.266,1.5772300000000001,1.57752,0.0,0.0,4
435,2019-04-01 00:03:59.678,1.57721,1.57752,0.0,0.0,130
436,2019-04-01 00:04:00.022,1.57722,1.5775299999999999,0.0,0.0,134
437,2019-04-01 00:04:00.082,1.5772300000000001,1.5775299999999999,0.0,0.0,130
438,2019-04-01 00:04:00.353,1.57724,1.57755,0.0,0.0,134
439,2019-04-01 00:04:00.448,1.57724,1.57756,0.0,0.0,4
440,2019-04-01 00:04:00.646,1.57728,1.57758,0.0,0.0,134
441,2019-04-01 00:04:03.233,1.57729,1.57758,0.0,0.0,130
442,2019-04-01 00:04:03.331,1.57729,1.57759,0.0,0.0,4
443,2019-04-01 00:04:03.482,1.5773000000000001,1.57759,0.0,0.0,130
444,2019-04-01 00:04:03.522,1.5773700000000002,1.57761,0.0,0.0,134
445,2019-04-01 00:04:03.580,1.5774,1.57767,0.0,0.0,134
446,2019-04-01 00:04:03.687,1.5774,1.57771,0.0,0.0,4
447,2019-04-01 00:04:03.823,1.5774,1.5777,0.0,0.0,4
448,2019-04-01 00:04:04.137,1.5773899999999998,1.5777,0.0,0.0,130
449,2019-04-01 00:04:04.499,1.5774,1.5777,0.0,0.0,130
450,2019-04-01 00:04:04.564,1.5773899999999998,1.5777,0.0,0.0,130
451,2019-04-01 00:04:05.726,1.5774,1.5777,0.0,0.0,130
452,2019-04-01 00:04:10.681,1.57741,1.5777,0.0,0.0,130
453,2019-04-01 00:04:11.163,1.5774,1.5777,0.0,0.0,130
454,2019-04-01 00:04:16.193,1.5773899999999998,1.5777,0.0,0.0,130
455,2019-04-01 00:04:16.245,1.5773700000000002,1.57768,0.0,0.0,134
456,2019-04-01 00:04:16.299,1.5773700000000002,1.57767,0.0,0.0,4
457,2019-04-01 00:04:16.613,1.5773700000000002,1.5776599999999998,0.0,0.0,4
458,2019-04-01 00:04:16.711,1.57735,1.57767,0.0,0.0,134
459,2019-04-01 00:04:17.569,1.57735,1.5776599999999998,0.0,0.0,4
460,2019-04-01 00:04:17.667,1.57734,1.5776599999999998,0.0,0.0,130
461,2019-04-01 00:04:21.722,1.57735,1.5776599999999998,0.0,0.0,130
462,2019-04-01 00:04:21.825,1.57735,1.57767,0.0,0.0,4
463,2019-04-01 00:04:23.382,1.57736,1.57767,0.0,0.0,130
464,2019-04-01 00:04:23.704,1.57736,1.57763,0.0,0.0,4
465,2019-04-01 00:04:23.768,1.57732,1.57762,0.0,0.0,134
466,2019-04-01 00:04:23.854,1.57728,1.5775299999999999,0.0,0.0,134
467,2019-04-01 00:04:23.925,1.57724,1.57752,0.0,0.0,134
468,2019-04-01 00:04:23.972,1.57721,1.57751,0.0,0.0,134
469,2019-04-01 00:04:24.221,1.5772,1.5775000000000001,0.0,0.0,134
470,2019-04-01 00:04:24.973,1.5772,1.57751,0.0,0.0,4
471,2019-04-01 00:04:25.114,1.57721,1.57752,0.0,0.0,134
472,2019-04-01 00:04:28.380,1.57722,1.57752,0.0,0.0,130
473,2019-04-01 00:04:28.576,1.57724,1.57754,0.0,0.0,134
474,2019-04-01 00:04:28.649,1.57725,1.57756,0.0,0.0,134
475,2019-04-01 00:04:28.768,1.5772599999999999,1.57758,0.0,0.0,134
476,2019-04-01 00:04:28.889,1.5772599999999999,1.5775700000000001,0.0,0.0,4
477,2019-04-01 00:04:31.332,1.5773000000000001,1.57759,0.0,0.0,134
478,2019-04-01 00:04:35.098,1.57731,1.57761,0.0,0.0,134
479,2019-04-01 00:04:37.006,1.5773000000000001,1.57758,0.0,0.0,134
480,2019-04-01 00:04:37.104,1.57728,1.5775700000000001,0.0,0.0,134
481,2019-04-01 00:04:37.241,1.57727,1.5775700000000001,0.0,0.0,130
482,2019-04-01 00:04:37.426,1.57727,1.57758,0.0,0.0,4
483,2019-04-01 00:04:40.683,1.5772599999999999,1.57755,0.0,0.0,134
484,2019-04-01 00:04:40.735,1.57724,1.5775299999999999,0.0,0.0,134
485,2019-04-01 00:04:40.811,1.57722,1.5775299999999999,0.0,0.0,130
486,2019-04-01 00:04:41.701,1.57722,1.57754,0.0,0.0,4
487,2019-04-01 00:04:41.807,1.5772300000000001,1.57754,0.0,0.0,130
488,2019-04-01 00:04:42.702,1.57724,1.57754,0.0,0.0,130
489,2019-04-01 00:04:42.788,1.57725,1.57755,0.0,0.0,134
490,2019-04-01 00:04:42.928,1.57724,1.57755,0.0,0.0,130
491,2019-04-01 00:04:44.466,1.5772599999999999,1.57755,0.0,0.0,130
492,2019-04-01 00:04:46.059,1.5772599999999999,1.57751,0.0,0.0,4
493,2019-04-01 00:04:46.111,1.57725,1.5775299999999999,0.0,0.0,134
494,2019-04-01 00:04:46.163,1.5772300000000001,1.5775299999999999,0.0,0.0,130
495,2019-04-01 00:04:46.216,1.57724,1.5775000000000001,0.0,0.0,134
496,2019-04-01 00:04:46.354,1.57722,1.57752,0.0,0.0,134
497,2019-04-01 00:04:48.030,1.5772,1.57752,0.0,0.0,130
498,2019-04-01 00:04:48.141,1.5772,1.5775000000000001,0.0,0.0,4
499,2019-04-01 00:04:50.268,1.5771899999999999,1.5775000000000001,0.0,0.0,130
500,2019-04-01 00:04:50.421,1.5771899999999999,1.57749,0.0,0.0,4
501,2019-04-01 00:04:50.506,1.57717,1.57748,0.0,0.0,134
502,2019-04-01 00:04:50.611,1.57717,1.57747,0.0,0.0,4
503,2019-04-01 00:04:51.966,1.57717,1.57749,0.0,0.0,4
504,2019-04-01 00:04:54.009,1.5771899999999999,1.57749,0.0,0.0,130
505,2019-04-01 00:04:55.037,1.57718,1.57749,0.0,0.0,130
506,2019-04-01 00:04:55.242,1.57718,1.57748,0.0,0.0,4
507,2019-04-01 00:04:56.338,1.57718,1.57749,0.0,0.0,4
508,2019-04-01 00:04:56.436,1.5771899999999999,1.5775000000000001,0.0,0.0,134
509,2019-04-01 00:04:56.546,1.5772,1.57751,0.0,0.0,134
510,2019-04-01 00:04:57.652,1.57721,1.57751,0.0,0.0,130
511,2019-04-01 00:05:00.126,1.57721,1.5775000000000001,0.0,0.0,134
512,2019-04-01 00:05:00.310,1.57722,1.5775000000000001,0.0,0.0,130
513,2019-04-01 00:05:00.434,1.57722,1.5775299999999999,0.0,0.0,4
514,2019-04-01 00:05:00.532,1.57722,1.57752,0.0,0.0,4
515,2019-04-01 00:05:00.680,1.5772,1.5775000000000001,0.0,0.0,134
516,2019-04-01 00:05:01.432,1.5771899999999999,1.5775000000000001,0.0,0.0,130
517,2019-04-01 00:05:01.517,1.5771899999999999,1.57748,0.0,0.0,4
518,2019-04-01 00:05:01.733,1.5771899999999999,1.57747,0.0,0.0,4
519,2019-04-01 00:05:01.845,1.57715,1.57747,0.0,0.0,130
520,2019-04-01 00:05:02.231,1.57715,1.5774599999999999,0.0,0.0,4
521,2019-04-01 00:05:05.341,1.5771600000000001,1.5774599999999999,0.0,0.0,130
522,2019-04-01 00:05:05.406,1.5771600000000001,1.57748,0.0,0.0,4
523,2019-04-01 00:05:05.518,1.5771600000000001,1.57747,0.0,0.0,4
524,2019-04-01 00:05:07.300,1.5771600000000001,1.5774599999999999,0.0,0.0,4
525,2019-04-01 00:05:08.097,1.57717,1.5774599999999999,0.0,0.0,130
526,2019-04-01 00:05:09.595,1.5771600000000001,1.5774599999999999,0.0,0.0,130
527,2019-04-01 00:05:12.015,1.57715,1.57745,0.0,0.0,134
528,2019-04-01 00:05:12.080,1.57713,1.57744,0.0,0.0,134
529,2019-04-01 00:05:12.284,1.5771199999999999,1.57743,0.0,0.0,134
530,2019-04-01 00:05:12.382,1.5771,1.57742,0.0,0.0,134
531,2019-04-01 00:05:12.492,1.5771,1.5774,0.0,0.0,4
532,2019-04-01 00:05:12.532,1.57711,1.5774,0.0,0.0,130
533,2019-04-01 00:05:12.619,1.5771,1.5774,0.0,0.0,130
534,2019-04-01 00:05:17.317,1.57709,1.5774,0.0,0.0,130
535,2019-04-01 00:05:17.367,1.57717,1.57742,0.0,0.0,134
536,2019-04-01 00:05:17.472,1.5771899999999999,1.5775000000000001,0.0,0.0,134
537,2019-04-01 00:05:17.531,1.57721,1.57751,0.0,0.0,134
538,2019-04-01 00:05:17.612,1.5772,1.57752,0.0,0.0,134
539,2019-04-01 00:05:17.690,1.57724,1.57755,0.0,0.0,134
540,2019-04-01 00:05:17.788,1.57725,1.57756,0.0,0.0,134
541,2019-04-01 00:05:17.840,1.57724,1.57756,0.0,0.0,130
542,2019-04-01 00:05:18.248,1.57725,1.5775299999999999,0.0,0.0,134
543,2019-04-01 00:05:18.740,1.57725,1.57754,0.0,0.0,4
544,2019-04-01 00:05:18.794,1.5772599999999999,1.57756,0.0,0.0,134
545,2019-04-01 00:05:18.871,1.57729,1.57756,0.0,0.0,130
546,2019-04-01 00:05:18.991,1.5772599999999999,1.57758,0.0,0.0,134
547,2019-04-01 00:05:19.046,1.57725,1.5775700000000001,0.0,0.0,134
548,2019-04-01 00:05:19.774,1.57725,1.57755,0.0,0.0,4
549,2019-04-01 00:05:20.110,1.5772300000000001,1.5775299999999999,0.0,0.0,134
550,2019-04-01 00:05:23.156,1.57722,1.5775299999999999,0.0,0.0,130
551,2019-04-01 00:05:25.970,1.5772300000000001,1.5775299999999999,0.0,0.0,130
552,2019-04-01 00:05:28.132,1.57724,1.5775299999999999,0.0,0.0,130
553,2019-04-01 00:05:28.186,1.57727,1.57755,0.0,0.0,134
554,2019-04-01 00:05:28.238,1.5772599999999999,1.57755,0.0,0.0,130
555,2019-04-01 00:05:28.335,1.57724,1.57754,0.0,0.0,134
556,2019-04-01 00:05:28.387,1.57724,1.5775299999999999,0.0,0.0,4
557,2019-04-01 00:05:28.433,1.57724,1.57752,0.0,0.0,4
558,2019-04-01 00:05:28.602,1.57722,1.57752,0.0,0.0,130
559,2019-04-01 00:05:28.732,1.5772,1.5775000000000001,0.0,0.0,134
560,2019-04-01 00:05:29.595,1.57721,1.5775000000000001,0.0,0.0,130
561,2019-04-01 00:05:29.746,1.57721,1.57751,0.0,0.0,4
562,2019-04-01 00:05:29.915,1.57721,1.5775000000000001,0.0,0.0,4
563,2019-04-01 00:05:31.132,1.5772,1.5775000000000001,0.0,0.0,130
564,2019-04-01 00:05:31.613,1.57721,1.5775000000000001,0.0,0.0,130
565,2019-04-01 00:05:32.357,1.57721,1.57749,0.0,0.0,4
566,2019-04-01 00:05:32.416,1.57721,1.57751,0.0,0.0,4
567,2019-04-01 00:05:32.485,1.57722,1.57751,0.0,0.0,130
568,2019-04-01 00:05:32.659,1.57721,1.57749,0.0,0.0,134
569,2019-04-01 00:05:32.911,1.5771899999999999,1.57749,0.0,0.0,130
570,2019-04-01 00:05:33.009,1.57725,1.57751,0.0,0.0,134
571,2019-04-01 00:05:33.088,1.5772300000000001,1.57751,0.0,0.0,130
572,2019-04-01 00:05:33.142,1.5772,1.57747,0.0,0.0,134
573,2019-04-01 00:05:33.213,1.57718,1.57748,0.0,0.0,134
574,2019-04-01 00:05:33.312,1.57717,1.57748,0.0,0.0,130
575,2019-04-01 00:05:33.377,1.57718,1.57748,0.0,0.0,130
576,2019-04-01 00:05:33.469,1.57718,1.57749,0.0,0.0,4
577,2019-04-01 00:05:33.997,1.5772,1.57749,0.0,0.0,130
578,2019-04-01 00:05:34.500,1.5771899999999999,1.57749,0.0,0.0,130
579,2019-04-01 00:05:39.880,1.5772,1.5775000000000001,0.0,0.0,134
580,2019-04-01 00:05:39.942,1.5773000000000001,1.57751,0.0,0.0,134
581,2019-04-01 00:05:39.984,1.5772599999999999,1.57755,0.0,0.0,134
582,2019-04-01 00:05:40.060,1.5772599999999999,1.57754,0.0,0.0,4
583,2019-04-01 00:05:40.112,1.57727,1.57754,0.0,0.0,130
584,2019-04-01 00:05:40.214,1.5772599999999999,1.57755,0.0,0.0,134
585,2019-04-01 00:05:40.267,1.57725,1.57755,0.0,0.0,130
586,2019-04-01 00:05:40.354,1.57725,1.57754,0.0,0.0,4
587,2019-04-01 00:05:40.408,1.57725,1.57752,0.0,0.0,4
588,2019-04-01 00:05:40.462,1.57724,1.57752,0.0,0.0,130
589,2019-04-01 00:05:40.652,1.57722,1.5775299999999999,0.0,0.0,134
590,2019-04-01 00:05:42.296,1.5772300000000001,1.5775299999999999,0.0,0.0,130
591,2019-04-01 00:05:42.400,1.5772300000000001,1.57754,0.0,0.0,4
592,2019-04-01 00:05:42.552,1.5772300000000001,1.57755,0.0,0.0,4
593,2019-04-01 00:05:42.680,1.5772300000000001,1.57754,0.0,0.0,4
594,2019-04-01 00:05:42.793,1.57724,1.57754,0.0,0.0,130
595,2019-04-01 00:05:45.537,1.5772300000000001,1.57754,0.0,0.0,130
596,2019-04-01 00:05:45.913,1.5772300000000001,1.5775299999999999,0.0,0.0,4
597,2019-04-01 00:05:46.138,1.5772300000000001,1.5775000000000001,0.0,0.0,4
598,2019-04-01 00:05:46.198,1.57718,1.57749,0.0,0.0,134
599,2019-04-01 00:05:46.251,1.57715,1.57744,0.0,0.0,134
600,2019-04-01 00:05:46.364,1.57715,1.5774599999999999,0.0,0.0,4
601,2019-04-01 00:05:46.434,1.57714,1.57745,0.0,0.0,134
602,2019-04-01 00:05:46.657,1.57715,1.57745,0.0,0.0,130
603,2019-04-01 00:05:47.110,1.57714,1.57745,0.0,0.0,130
604,2019-04-01 00:05:47.183,1.57714,1.57744,0.0,0.0,4
605,2019-04-01 00:05:47.514,1.57714,1.57745,0.0,0.0,4
606,2019-04-01 00:05:48.584,1.57715,1.57745,0.0,0.0,130
607,2019-04-01 00:05:51.965,1.57714,1.57745,0.0,0.0,130
608,2019-04-01 00:05:52.592,1.57714,1.5774599999999999,0.0,0.0,4
609,2019-04-01 00:05:52.653,1.57717,1.5774599999999999,0.0,0.0,130
610,2019-04-01 00:05:52.732,1.57721,1.5774599999999999,0.0,0.0,130
611,2019-04-01 00:05:52.783,1.57727,1.57752,0.0,0.0,134
612,2019-04-01 00:05:52.837,1.57725,1.57755,0.0,0.0,134
613,2019-04-01 00:05:52.889,1.5772300000000001,1.57755,0.0,0.0,130
614,2019-04-01 00:05:52.954,1.5772300000000001,1.57754,0.0,0.0,4
615,2019-04-01 00:05:53.138,1.57724,1.57754,0.0,0.0,130
616,2019-04-01 00:05:53.192,1.57732,1.57761,0.0,0.0,134
617,2019-04-01 00:05:53.258,1.57731,1.57762,0.0,0.0,134
618,2019-04-01 00:05:53.594,1.57731,1.57763,0.0,0.0,4
619,2019-04-01 00:05:54.383,1.57732,1.57763,0.0,0.0,130
620,2019-04-01 00:05:54.554,1.57732,1.57762,0.0,0.0,4
621,2019-04-01 00:05:54.619,1.57729,1.5775299999999999,0.0,0.0,134
622,2019-04-01 00:05:54.707,1.57722,1.5775299999999999,0.0,0.0,130
623,2019-04-01 00:05:54.747,1.57724,1.57755,0.0,0.0,134
624,2019-04-01 00:05:54.815,1.5772599999999999,1.57756,0.0,0.0,134
625,2019-04-01 00:05:54.868,1.57725,1.5775700000000001,0.0,0.0,134
626,2019-04-01 00:05:54.953,1.57725,1.57755,0.0,0.0,4
627,2019-04-01 00:05:55.050,1.5772300000000001,1.57754,0.0,0.0,134
628,2019-04-01 00:05:55.392,1.57724,1.57755,0.0,0.0,134
629,2019-04-01 00:05:55.491,1.5772300000000001,1.57754,0.0,0.0,134
630,2019-04-01 00:05:56.661,1.57724,1.57755,0.0,0.0,134
631,2019-04-01 00:05:57.267,1.57725,1.57756,0.0,0.0,134
632,2019-04-01 00:05:57.407,1.57729,1.57758,0.0,0.0,134
633,2019-04-01 00:05:57.640,1.57731,1.57761,0.0,0.0,134
634,2019-04-01 00:05:58.094,1.5773000000000001,1.57761,0.0,0.0,130
635,2019-04-01 00:05:58.186,1.5774,1.57763,0.0,0.0,134
636,2019-04-01 00:05:58.297,1.5774,1.57771,0.0,0.0,4
637,2019-04-01 00:05:58.382,1.57738,1.57769,0.0,0.0,134
638,2019-04-01 00:05:58.487,1.57736,1.57768,0.0,0.0,134
639,2019-04-01 00:05:58.684,1.57736,1.57767,0.0,0.0,4
640,2019-04-01 00:06:00.058,1.57734,1.57765,0.0,0.0,134
641,2019-04-01 00:06:00.156,1.57734,1.5776400000000002,0.0,0.0,4
642,2019-04-01 00:06:00.768,1.57733,1.57763,0.0,0.0,134
643,2019-04-01 00:06:00.865,1.57732,1.57763,0.0,0.0,130
644,2019-04-01 00:06:00.969,1.57729,1.5776,0.0,0.0,134
645,2019-04-01 00:06:01.238,1.57729,1.57759,0.0,0.0,4
646,2019-04-01 00:06:01.349,1.57728,1.57758,0.0,0.0,134
647,2019-04-01 00:06:01.402,1.5772599999999999,1.5775700000000001,0.0,0.0,134
648,2019-04-01 00:06:01.682,1.57728,1.5775700000000001,0.0,0.0,130
649,2019-04-01 00:06:01.741,1.5773000000000001,1.57759,0.0,0.0,134
650,2019-04-01 00:06:01.806,1.57733,1.57761,0.0,0.0,134
651,2019-04-01 00:06:01.872,1.57734,1.5776400000000002,0.0,0.0,134
652,2019-04-01 00:06:01.924,1.57736,1.5776400000000002,0.0,0.0,130
653,2019-04-01 00:06:02.036,1.57734,1.57765,0.0,0.0,134
654,2019-04-01 00:06:03.907,1.57735,1.57765,0.0,0.0,130
655,2019-04-01 00:06:04.250,1.57733,1.57765,0.0,0.0,130
656,2019-04-01 00:06:04.334,1.57732,1.57756,0.0,0.0,134
657,2019-04-01 00:06:04.419,1.5772599999999999,1.57756,0.0,0.0,130
658,2019-04-01 00:06:04.531,1.57727,1.57758,0.0,0.0,134
659,2019-04-01 00:06:04.668,1.5772599999999999,1.57758,0.0,0.0,130
660,2019-04-01 00:06:04.866,1.57727,1.57758,0.0,0.0,130
661,2019-04-01 00:06:05.207,1.5772599999999999,1.57758,0.0,0.0,130
662,2019-04-01 00:06:05.281,1.57727,1.57758,0.0,0.0,130
663,2019-04-01 00:06:05.337,1.57729,1.57758,0.0,0.0,130
664,2019-04-01 00:06:05.402,1.57729,1.57759,0.0,0.0,4
665,2019-04-01 00:06:05.512,1.57729,1.5776,0.0,0.0,4
666,2019-04-01 00:06:05.584,1.57729,1.57759,0.0,0.0,4
667,2019-04-01 00:06:05.669,1.57729,1.5776,0.0,0.0,4
668,2019-04-01 00:06:06.747,1.57728,1.5776,0.0,0.0,130
669,2019-04-01 00:06:07.685,1.57729,1.57761,0.0,0.0,134
670,2019-04-01 00:06:07.738,1.57731,1.57761,0.0,0.0,130
671,2019-04-01 00:06:09.744,1.5773000000000001,1.57762,0.0,0.0,134
672,2019-04-01 00:06:11.324,1.5773000000000001,1.57761,0.0,0.0,4
673,2019-04-01 00:06:11.443,1.5773700000000002,1.57763,0.0,0.0,134
674,2019-04-01 00:06:11.536,1.5773700000000002,1.57768,0.0,0.0,4
675,2019-04-01 00:06:11.633,1.5773700000000002,1.5776599999999998,0.0,0.0,4
676,2019-04-01 00:06:11.685,1.57733,1.57762,0.0,0.0,134
677,2019-04-01 00:06:11.744,1.57732,1.57762,0.0,0.0,130
678,2019-04-01 00:06:11.831,1.57728,1.57758,0.0,0.0,134
679,2019-04-01 00:06:11.880,1.57725,1.57756,0.0,0.0,134
680,2019-04-01 00:06:12.032,1.57724,1.57755,0.0,0.0,134
681,2019-04-01 00:06:12.116,1.57729,1.57755,0.0,0.0,130
682,2019-04-01 00:06:12.190,1.57729,1.57761,0.0,0.0,4
683,2019-04-01 00:06:12.260,1.57729,1.57758,0.0,0.0,4
684,2019-04-01 00:06:13.074,1.57729,1.57759,0.0,0.0,4
685,2019-04-01 00:06:13.219,1.57728,1.57758,0.0,0.0,134
686,2019-04-01 00:06:13.365,1.57728,1.57759,0.0,0.0,4
687,2019-04-01 00:06:13.451,1.5773000000000001,1.5776,0.0,0.0,134
688,2019-04-01 00:06:14.438,1.57729,1.5776,0.0,0.0,130
689,2019-04-01 00:06:14.985,1.5773000000000001,1.5776,0.0,0.0,130
690,2019-04-01 00:06:15.097,1.57729,1.5776,0.0,0.0,130
691,2019-04-01 00:06:15.408,1.5773000000000001,1.57761,0.0,0.0,134
692,2019-04-01 00:06:15.527,1.57731,1.57761,0.0,0.0,130
693,2019-04-01 00:06:18.641,1.57731,1.57759,0.0,0.0,4
694,2019-04-01 00:06:18.725,1.5773000000000001,1.57759,0.0,0.0,130
695,2019-04-01 00:06:18.779,1.57729,1.57759,0.0,0.0,130
696,2019-04-01 00:06:18.910,1.57729,1.5776,0.0,0.0,4
697,2019-04-01 00:06:18.996,1.57731,1.57761,0.0,0.0,134
698,2019-04-01 00:06:19.049,1.57732,1.57762,0.0,0.0,134
699,2019-04-01 00:06:19.332,1.57732,1.57763,0.0,0.0,4
700,2019-04-01 00:06:19.424,1.57731,1.57762,0.0,0.0,134
701,2019-04-01 00:06:20.781,1.5773000000000001,1.57761,0.0,0.0,134
702,2019-04-01 00:06:21.608,1.57731,1.57763,0.0,0.0,134
703,2019-04-01 00:06:21.803,1.5773000000000001,1.57761,0.0,0.0,134
704,2019-04-01 00:06:21.908,1.5773000000000001,1.57762,0.0,0.0,4
705,2019-04-01 00:06:24.115,1.5773000000000001,1.57761,0.0,0.0,4
706,2019-04-01 00:06:24.206,1.57729,1.57761,0.0,0.0,130
707,2019-04-01 00:06:25.361,1.5773000000000001,1.57761,0.0,0.0,130
708,2019-04-01 00:06:25.555,1.57733,1.57761,0.0,0.0,130
709,2019-04-01 00:06:25.659,1.57732,1.57761,0.0,0.0,130
710,2019-04-01 00:06:26.214,1.5773700000000002,1.57761,0.0,0.0,130
711,2019-04-01 00:06:26.564,1.57734,1.5776400000000002,0.0,0.0,134
712,2019-04-01 00:06:26.656,1.57733,1.57762,0.0,0.0,134
713,2019-04-01 00:06:26.769,1.57732,1.57762,0.0,0.0,130
714,2019-04-01 00:06:26.893,1.57733,1.57762,0.0,0.0,130
715,2019-04-01 00:06:26.991,1.57736,1.57765,0.0,0.0,134
716,2019-04-01 00:06:27.486,1.57735,1.57765,0.0,0.0,130
717,2019-04-01 00:06:27.539,1.57733,1.57763,0.0,0.0,134
718,2019-04-01 00:06:27.604,1.57731,1.57761,0.0,0.0,134
719,2019-04-01 00:06:27.960,1.57731,1.57762,0.0,0.0,4
720,2019-04-01 00:06:31.828,1.57732,1.57762,0.0,0.0,130
721,2019-04-01 00:06:32.123,1.57732,1.57763,0.0,0.0,4
722,2019-04-01 00:06:33.174,1.57732,1.5776400000000002,0.0,0.0,4
723,2019-04-01 00:06:33.263,1.57736,1.57765,0.0,0.0,134
724,2019-04-01 00:06:33.871,1.57734,1.57765,0.0,0.0,130
725,2019-04-01 00:06:34.174,1.57735,1.57765,0.0,0.0,130
726,2019-04-01 00:06:34.226,1.57736,1.5776599999999998,0.0,0.0,134
727,2019-04-01 00:06:34.567,1.57736,1.57767,0.0,0.0,4
728,2019-04-01 00:06:35.384,1.5773700000000002,1.57767,0.0,0.0,130
729,2019-04-01 00:06:35.578,1.5773700000000002,1.57768,0.0,0.0,4
730,2019-04-01 00:06:36.942,1.57736,1.5776599999999998,0.0,0.0,134
731,2019-04-01 00:06:37.000,1.57742,1.5776599999999998,0.0,0.0,130
732,2019-04-01 00:06:37.052,1.57742,1.57771,0.0,0.0,4
733,2019-04-01 00:06:37.242,1.57736,1.5776599999999998,0.0,0.0,134
734,2019-04-01 00:06:37.350,1.57735,1.57765,0.0,0.0,134
735,2019-04-01 00:06:37.727,1.57735,1.5776599999999998,0.0,0.0,4
736,2019-04-01 00:06:37.826,1.5773700000000002,1.5776599999999998,0.0,0.0,130
737,2019-04-01 00:06:37.930,1.5773700000000002,1.57767,0.0,0.0,4
738,2019-04-01 00:06:37.983,1.57738,1.57767,0.0,0.0,130
739,2019-04-01 00:06:38.148,1.57738,1.57768,0.0,0.0,4
740,2019-04-01 00:06:38.307,1.5773899999999998,1.57768,0.0,0.0,130
741,2019-04-01 00:06:38.373,1.5774599999999999,1.57769,0.0,0.0,134
742,2019-04-01 00:06:38.525,1.5774599999999999,1.5777700000000001,0.0,0.0,4
743,2019-04-01 00:06:38.630,1.57747,1.5777700000000001,0.0,0.0,130
744,2019-04-01 00:06:38.922,1.5774599999999999,1.57774,0.0,0.0,134
745,2019-04-01 00:06:38.974,1.57749,1.5777700000000001,0.0,0.0,134
746,2019-04-01 00:06:39.021,1.5775000000000001,1.57779,0.0,0.0,134
747,2019-04-01 00:06:39.072,1.5775299999999999,1.57783,0.0,0.0,134
748,2019-04-01 00:06:39.270,1.57754,1.57783,0.0,0.0,130
749,2019-04-01 00:06:39.826,1.57754,1.57785,0.0,0.0,4
750,2019-04-01 00:06:39.918,1.57756,1.5778699999999999,0.0,0.0,134
751,2019-04-01 00:06:40.799,1.5775700000000001,1.5778699999999999,0.0,0.0,130
752,2019-04-01 00:06:41.004,1.5775700000000001,1.57785,0.0,0.0,4
753,2019-04-01 00:06:42.265,1.57756,1.57783,0.0,0.0,134
754,2019-04-01 00:06:42.311,1.57756,1.57785,0.0,0.0,4
755,2019-04-01 00:06:42.414,1.57754,1.57785,0.0,0.0,130
756,2019-04-01 00:06:44.511,1.5775299999999999,1.57785,0.0,0.0,130
757,2019-04-01 00:06:45.260,1.57754,1.57785,0.0,0.0,130
758,2019-04-01 00:06:45.313,1.57754,1.57786,0.0,0.0,4
759,2019-04-01 00:06:45.378,1.5775700000000001,1.5778699999999999,0.0,0.0,134
760,2019-04-01 00:06:45.447,1.57756,1.57785,0.0,0.0,134
761,2019-04-01 00:06:45.585,1.57755,1.57785,0.0,0.0,130
762,2019-04-01 00:06:46.552,1.57754,1.57783,0.0,0.0,134
763,2019-04-01 00:06:46.635,1.5775299999999999,1.57781,0.0,0.0,134
764,2019-04-01 00:06:46.785,1.57752,1.57781,0.0,0.0,130
765,2019-04-01 00:06:48.983,1.57752,1.57783,0.0,0.0,4
766,2019-04-01 00:06:49.658,1.5775299999999999,1.57783,0.0,0.0,130
767,2019-04-01 00:06:49.777,1.5775299999999999,1.5778400000000001,0.0,0.0,4
768,2019-04-01 00:06:50.930,1.5775299999999999,1.57783,0.0,0.0,4
769,2019-04-01 00:06:51.038,1.57752,1.57783,0.0,0.0,130
770,2019-04-01 00:06:54.130,1.5775299999999999,1.57783,0.0,0.0,130
771,2019-04-01 00:06:54.185,1.57755,1.57783,0.0,0.0,130
772,2019-04-01 00:06:54.324,1.57756,1.57785,0.0,0.0,134
773,2019-04-01 00:06:56.623,1.57756,1.57783,0.0,0.0,4
774,2019-04-01 00:06:57.160,1.57755,1.57783,0.0,0.0,130
775,2019-04-01 00:07:00.024,1.5775299999999999,1.57783,0.0,0.0,130
776,2019-04-01 00:07:00.117,1.57752,1.57781,0.0,0.0,134
777,2019-04-01 00:07:00.360,1.57752,1.57782,0.0,0.0,4
778,2019-04-01 00:07:00.413,1.57752,1.57783,0.0,0.0,4
779,2019-04-01 00:07:00.470,1.5775000000000001,1.57781,0.0,0.0,134
780,2019-04-01 00:07:00.510,1.57749,1.57774,0.0,0.0,134
781,2019-04-01 00:07:00.561,1.57747,1.5777,0.0,0.0,134
782,2019-04-01 00:07:00.625,1.57745,1.5777700000000001,0.0,0.0,134
783,2019-04-01 00:07:00.684,1.57747,1.5777700000000001,0.0,0.0,130
784,2019-04-01 00:07:00.724,1.5775000000000001,1.57779,0.0,0.0,134
785,2019-04-01 00:07:00.789,1.57751,1.57783,0.0,0.0,134
786,2019-04-01 00:07:00.886,1.57752,1.5778400000000001,0.0,0.0,134
787,2019-04-01 00:07:00.992,1.57754,1.5778400000000001,0.0,0.0,130
788,2019-04-01 00:07:08.523,1.57754,1.5777999999999999,0.0,0.0,4
789,2019-04-01 00:07:08.581,1.57751,1.57771,0.0,0.0,134
790,2019-04-01 00:07:08.620,1.57744,1.57776,0.0,0.0,134
791,2019-04-01 00:07:08.676,1.57744,1.57772,0.0,0.0,4
792,2019-04-01 00:07:08.729,1.57742,1.57772,0.0,0.0,130
793,2019-04-01 00:07:08.802,1.5774,1.57771,0.0,0.0,134
794,2019-04-01 00:07:08.869,1.57738,1.57769,0.0,0.0,134
795,2019-04-01 00:07:08.923,1.5773700000000002,1.57768,0.0,0.0,134
796,2019-04-01 00:07:09.113,1.57736,1.57768,0.0,0.0,130
797,2019-04-01 00:07:09.167,1.57735,1.5776400000000002,0.0,0.0,134
798,2019-04-01 00:07:09.230,1.57734,1.57763,0.0,0.0,134
799,2019-04-01 00:07:09.320,1.57732,1.57763,0.0,0.0,130
800,2019-04-01 00:07:09.375,1.57733,1.57763,0.0,0.0,130
801,2019-04-01 00:07:09.641,1.57733,1.5776400000000002,0.0,0.0,4
802,2019-04-01 00:07:10.165,1.57734,1.5776400000000002,0.0,0.0,130
803,2019-04-01 00:07:10.528,1.57732,1.57763,0.0,0.0,134
804,2019-04-01 00:07:10.973,1.57731,1.57763,0.0,0.0,130
805,2019-04-01 00:07:12.650,1.57731,1.57762,0.0,0.0,4
806,2019-04-01 00:07:12.754,1.57731,1.57763,0.0,0.0,4
807,2019-04-01 00:07:12.972,1.57732,1.57763,0.0,0.0,130
808,2019-04-01 00:07:13.778,1.57733,1.57765,0.0,0.0,134
809,2019-04-01 00:07:13.877,1.57735,1.57765,0.0,0.0,130
810,2019-04-01 00:07:13.949,1.57738,1.57767,0.0,0.0,134
811,2019-04-01 00:07:14.027,1.5774,1.57771,0.0,0.0,134
812,2019-04-01 00:07:14.076,1.5773899999999998,1.57768,0.0,0.0,134
813,2019-04-01 00:07:14.134,1.57742,1.57768,0.0,0.0,130
814,2019-04-01 00:07:14.187,1.57738,1.5776599999999998,0.0,0.0,134
815,2019-04-01 00:07:14.241,1.5773700000000002,1.5776599999999998,0.0,0.0,130
816,2019-04-01 00:07:14.378,1.57736,1.57765,0.0,0.0,134
817,2019-04-01 00:07:14.506,1.57734,1.57765,0.0,0.0,130
818,2019-04-01 00:07:14.683,1.57734,1.5776400000000002,0.0,0.0,4
819,2019-04-01 00:07:14.765,1.57733,1.57763,0.0,0.0,134
820,2019-04-01 00:07:14.816,1.57731,1.57762,0.0,0.0,134
821,2019-04-01 00:07:15.789,1.57731,1.57763,0.0,0.0,4
822,2019-04-01 00:07:16.767,1.5773000000000001,1.57762,0.0,0.0,134
823,2019-04-01 00:07:17.153,1.57731,1.57762,0.0,0.0,130
824,2019-04-01 00:07:17.429,1.57732,1.57763,0.0,0.0,134
825,2019-04-01 00:07:17.558,1.57733,1.57763,0.0,0.0,130
826,2019-04-01 00:07:17.637,1.57735,1.57765,0.0,0.0,134
827,2019-04-01 00:07:17.689,1.57744,1.57767,0.0,0.0,134
828,2019-04-01 00:07:17.752,1.57745,1.57776,0.0,0.0,134
829,2019-04-01 00:07:17.804,1.57744,1.57774,0.0,0.0,134
830,2019-04-01 00:07:18.174,1.5774599999999999,1.57774,0.0,0.0,130
831,2019-04-01 00:07:18.246,1.57744,1.57765,0.0,0.0,134
832,2019-04-01 00:07:18.312,1.57735,1.57763,0.0,0.0,134
833,2019-04-01 00:07:18.377,1.57734,1.57763,0.0,0.0,130
834,2019-04-01 00:07:18.444,1.57733,1.57763,0.0,0.0,130
835,2019-04-01 00:07:18.495,1.57734,1.5776400000000002,0.0,0.0,134
836,2019-04-01 00:07:18.557,1.57734,1.57765,0.0,0.0,4
837,2019-04-01 00:07:19.432,1.57734,1.5776400000000002,0.0,0.0,4
838,2019-04-01 00:07:20.063,1.57732,1.57762,0.0,0.0,134
839,2019-04-01 00:07:20.123,1.5774,1.5776400000000002,0.0,0.0,134
840,2019-04-01 00:07:20.174,1.57741,1.57768,0.0,0.0,134
841,2019-04-01 00:07:20.292,1.57742,1.5777299999999999,0.0,0.0,134
842,2019-04-01 00:07:20.417,1.5774,1.57771,0.0,0.0,134
843,2019-04-01 00:07:20.477,1.57738,1.5776400000000002,0.0,0.0,134
844,2019-04-01 00:07:20.535,1.57734,1.57763,0.0,0.0,134
845,2019-04-01 00:07:20.626,1.57731,1.57761,0.0,0.0,134
846,2019-04-01 00:07:21.164,1.5773000000000001,1.57761,0.0,0.0,130
847,2019-04-01 00:07:21.225,1.57732,1.57763,0.0,0.0,134
848,2019-04-01 00:07:21.333,1.57736,1.57767,0.0,0.0,134
849,2019-04-01 00:07:21.472,1.5773700000000002,1.57769,0.0,0.0,134
850,2019-04-01 00:07:21.777,1.5773899999999998,1.57769,0.0,0.0,130
851,2019-04-01 00:07:21.870,1.57744,1.57772,0.0,0.0,134
852,2019-04-01 00:07:22.029,1.5774599999999999,1.5777700000000001,0.0,0.0,134
853,2019-04-01 00:07:22.108,1.5774599999999999,1.57776,0.0,0.0,4
854,2019-04-01 00:07:22.760,1.5774599999999999,1.5777299999999999,0.0,0.0,4
855,2019-04-01 00:07:25.717,1.57745,1.5777299999999999,0.0,0.0,130
856,2019-04-01 00:07:25.771,1.57744,1.57772,0.0,0.0,134
857,2019-04-01 00:07:25.836,1.5773700000000002,1.57762,0.0,0.0,134
858,2019-04-01 00:07:25.907,1.57734,1.57763,0.0,0.0,134
859,2019-04-01 00:07:25.964,1.57732,1.57763,0.0,0.0,130
860,2019-04-01 00:07:26.233,1.57733,1.5776400000000002,0.0,0.0,134
861,2019-04-01 00:07:26.285,1.5773700000000002,1.5776599999999998,0.0,0.0,134
862,2019-04-01 00:07:26.338,1.5773700000000002,1.57768,0.0,0.0,4
863,2019-04-01 00:07:26.404,1.5773700000000002,1.5776599999999998,0.0,0.0,4
864,2019-04-01 00:07:26.457,1.57735,1.5776400000000002,0.0,0.0,134
865,2019-04-01 00:07:26.532,1.57734,1.5776400000000002,0.0,0.0,130
866,2019-04-01 00:07:26.615,1.57733,1.5776400000000002,0.0,0.0,130
867,2019-04-01 00:07:27.336,1.57732,1.5776400000000002,0.0,0.0,130
868,2019-04-01 00:07:28.399,1.57732,1.57763,0.0,0.0,4
869,2019-04-01 00:07:32.097,1.57731,1.57763,0.0,0.0,130
870,2019-04-01 00:07:32.191,1.57729,1.5776,0.0,0.0,134
871,2019-04-01 00:07:32.385,1.57731,1.57763,0.0,0.0,134
872,2019-04-01 00:07:32.496,1.57732,1.57763,0.0,0.0,130
873,2019-04-01 00:07:33.315,1.57734,1.57765,0.0,0.0,134
874,2019-04-01 00:07:33.422,1.5773700000000002,1.57768,0.0,0.0,134
875,2019-04-01 00:07:33.560,1.5773700000000002,1.57769,0.0,0.0,4
876,2019-04-01 00:07:33.946,1.5773899999999998,1.5777,0.0,0.0,134
877,2019-04-01 00:07:34.462,1.5773899999999998,1.57769,0.0,0.0,4
878,2019-04-01 00:07:34.674,1.5773899999999998,1.5777,0.0,0.0,4
879,2019-04-01 00:07:36.708,1.57738,1.5777,0.0,0.0,130
880,2019-04-01 00:07:36.781,1.57742,1.57772,0.0,0.0,134
881,2019-04-01 00:07:36.847,1.57743,1.57774,0.0,0.0,134
882,2019-04-01 00:07:36.899,1.57742,1.57774,0.0,0.0,130
883,2019-04-01 00:07:37.871,1.57741,1.57772,0.0,0.0,134
884,2019-04-01 00:07:38.211,1.57741,1.57771,0.0,0.0,4
885,2019-04-01 00:07:39.349,1.57741,1.5777,0.0,0.0,4
886,2019-04-01 00:07:39.447,1.5773899999999998,1.5777,0.0,0.0,130
887,2019-04-01 00:07:40.489,1.57738,1.5777,0.0,0.0,130
888,2019-04-01 00:07:40.653,1.5773700000000002,1.57769,0.0,0.0,134
889,2019-04-01 00:07:40.713,1.57736,1.57768,0.0,0.0,134
890,2019-04-01 00:07:44.370,1.57736,1.57767,0.0,0.0,4
891,2019-04-01 00:07:44.852,1.57738,1.57767,0.0,0.0,130
892,2019-04-01 00:07:44.907,1.57744,1.57769,0.0,0.0,134
893,2019-04-01 00:07:44.980,1.57745,1.57776,0.0,0.0,134
894,2019-04-01 00:07:45.035,1.57745,1.57772,0.0,0.0,4
895,2019-04-01 00:07:45.097,1.57738,1.57767,0.0,0.0,134
896,2019-04-01 00:07:45.163,1.57736,1.57767,0.0,0.0,130
897,2019-04-01 00:07:45.294,1.5773899999999998,1.57767,0.0,0.0,130
898,2019-04-01 00:07:52.491,1.5773700000000002,1.57767,0.0,0.0,130
899,2019-04-01 00:07:54.859,1.5773700000000002,1.5776599999999998,0.0,0.0,4
900,2019-04-01 00:07:58.908,1.57735,1.57767,0.0,0.0,134
901,2019-04-01 00:07:58.975,1.57735,1.5776599999999998,0.0,0.0,4
902,2019-04-01 00:07:59.175,1.57734,1.5776599999999998,0.0,0.0,130
903,2019-04-01 00:08:00.039,1.57734,1.57765,0.0,0.0,134
904,2019-04-01 00:08:00.112,1.57733,1.5776400000000002,0.0,0.0,134
905,2019-04-01 00:08:00.328,1.57733,1.57763,0.0,0.0,4
906,2019-04-01 00:08:00.476,1.57732,1.5776400000000002,0.0,0.0,134
907,2019-04-01 00:08:00.541,1.57731,1.57762,0.0,0.0,134
908,2019-04-01 00:08:00.626,1.5773000000000001,1.57761,0.0,0.0,134
909,2019-04-01 00:08:02.283,1.5773000000000001,1.5776,0.0,0.0,4
910,2019-04-01 00:08:02.386,1.57729,1.5776,0.0,0.0,130
911,2019-04-01 00:08:02.443,1.57728,1.5776,0.0,0.0,130
912,2019-04-01 00:08:03.269,1.57729,1.57759,0.0,0.0,134
913,2019-04-01 00:08:04.914,1.57727,1.57759,0.0,0.0,130
914,2019-04-01 00:08:05.019,1.57727,1.57758,0.0,0.0,4
915,2019-04-01 00:08:05.269,1.57729,1.57759,0.0,0.0,134
916,2019-04-01 00:08:05.539,1.57729,1.57761,0.0,0.0,4
917,2019-04-01 00:08:05.670,1.57729,1.57759,0.0,0.0,4
918,2019-04-01 00:08:06.395,1.57729,1.5776,0.0,0.0,4
919,2019-04-01 00:08:06.473,1.57729,1.57761,0.0,0.0,4
920,2019-04-01 00:08:06.540,1.5773000000000001,1.57761,0.0,0.0,130
921,2019-04-01 00:08:06.580,1.57731,1.57761,0.0,0.0,130
922,2019-04-01 00:08:06.665,1.57732,1.57761,0.0,0.0,130
923,2019-04-01 00:08:06.883,1.57732,1.57762,0.0,0.0,4
924,2019-04-01 00:08:08.159,1.57733,1.57762,0.0,0.0,130
925,2019-04-01 00:08:11.534,1.57735,1.5776599999999998,0.0,0.0,134
926,2019-04-01 00:08:11.637,1.57736,1.57767,0.0,0.0,134
927,2019-04-01 00:08:11.971,1.57736,1.5776599999999998,0.0,0.0,4
928,2019-04-01 00:08:12.049,1.57735,1.5776599999999998,0.0,0.0,130
929,2019-04-01 00:08:12.104,1.57735,1.57765,0.0,0.0,4
930,2019-04-01 00:08:12.209,1.57734,1.57765,0.0,0.0,130
931,2019-04-01 00:08:13.962,1.57734,1.5776599999999998,0.0,0.0,4
932,2019-04-01 00:08:15.593,1.57735,1.5776599999999998,0.0,0.0,130
933,2019-04-01 00:08:15.733,1.57735,1.57767,0.0,0.0,4
934,2019-04-01 00:08:16.497,1.57738,1.57769,0.0,0.0,134
935,2019-04-01 00:08:16.870,1.57736,1.57767,0.0,0.0,134
936,2019-04-01 00:08:17.828,1.57735,1.57767,0.0,0.0,130
937,2019-04-01 00:08:18.564,1.57736,1.57767,0.0,0.0,130
938,2019-04-01 00:08:18.622,1.57738,1.57767,0.0,0.0,130
939,2019-04-01 00:08:18.721,1.57738,1.57768,0.0,0.0,4
940,2019-04-01 00:08:19.132,1.57738,1.57769,0.0,0.0,4
941,2019-04-01 00:08:19.994,1.5774,1.57769,0.0,0.0,130
942,2019-04-01 00:08:20.195,1.57738,1.57769,0.0,0.0,130
943,2019-04-01 00:08:20.266,1.5773899999999998,1.5777,0.0,0.0,134
944,2019-04-01 00:08:20.373,1.57741,1.57771,0.0,0.0,134
945,2019-04-01 00:08:20.431,1.57741,1.57772,0.0,0.0,4
946,2019-04-01 00:08:23.662,1.57743,1.57772,0.0,0.0,130
947,2019-04-01 00:08:23.909,1.57751,1.57774,0.0,0.0,134
948,2019-04-01 00:08:23.964,1.5775000000000001,1.57781,0.0,0.0,134
949,2019-04-01 00:08:24.020,1.57749,1.57779,0.0,0.0,134
950,2019-04-01 00:08:24.717,1.57751,1.57779,0.0,0.0,130
951,2019-04-01 00:08:25.294,1.5775000000000001,1.57779,0.0,0.0,130
952,2019-04-01 00:08:25.391,1.57751,1.57779,0.0,0.0,130
953,2019-04-01 00:08:28.013,1.5775000000000001,1.57779,0.0,0.0,130
954,2019-04-01 00:08:28.120,1.57749,1.57778,0.0,0.0,134
955,2019-04-01 00:08:28.229,1.5775000000000001,1.57778,0.0,0.0,130
956,2019-04-01 00:08:28.274,1.5775000000000001,1.57779,0.0,0.0,4
957,2019-04-01 00:08:28.339,1.5775299999999999,1.57782,0.0,0.0,134
958,2019-04-01 00:08:28.411,1.57752,1.57782,0.0,0.0,130
959,2019-04-01 00:08:28.595,1.57751,1.57782,0.0,0.0,130
960,2019-04-01 00:08:36.192,1.57752,1.57782,0.0,0.0,130
961,2019-04-01 00:08:36.253,1.57758,1.5778400000000001,0.0,0.0,134
962,2019-04-01 00:08:36.305,1.57759,1.57789,0.0,0.0,134
963,2019-04-01 00:08:36.378,1.57762,1.5779100000000001,0.0,0.0,134
964,2019-04-01 00:08:36.438,1.57762,1.57794,0.0,0.0,4
965,2019-04-01 00:08:36.500,1.57763,1.57793,0.0,0.0,134
966,2019-04-01 00:08:38.262,1.57761,1.57793,0.0,0.0,130
967,2019-04-01 00:08:38.363,1.57761,1.5779100000000001,0.0,0.0,4
968,2019-04-01 00:08:38.460,1.57761,1.57788,0.0,0.0,4
969,2019-04-01 00:08:38.561,1.57758,1.5779,0.0,0.0,134
970,2019-04-01 00:08:38.692,1.5775700000000001,1.57789,0.0,0.0,134
971,2019-04-01 00:08:38.758,1.57759,1.5779,0.0,0.0,134
972,2019-04-01 00:08:38.817,1.57759,1.5779100000000001,0.0,0.0,4
973,2019-04-01 00:08:38.929,1.57762,1.5779100000000001,0.0,0.0,130
974,2019-04-01 00:08:39.710,1.57762,1.57792,0.0,0.0,4
975,2019-04-01 00:08:40.999,1.57762,1.5779100000000001,0.0,0.0,4
976,2019-04-01 00:08:41.610,1.57761,1.5779100000000001,0.0,0.0,130
977,2019-04-01 00:08:41.762,1.57759,1.5779100000000001,0.0,0.0,130
978,2019-04-01 00:08:41.843,1.5776,1.5779100000000001,0.0,0.0,130
979,2019-04-01 00:08:41.940,1.57761,1.57792,0.0,0.0,134
980,2019-04-01 00:08:42.025,1.5776,1.57792,0.0,0.0,130
981,2019-04-01 00:08:42.076,1.57759,1.5779,0.0,0.0,134
982,2019-04-01 00:08:44.727,1.57759,1.5779100000000001,0.0,0.0,4
983,2019-04-01 00:08:44.924,1.5775700000000001,1.57789,0.0,0.0,134
984,2019-04-01 00:08:44.989,1.57754,1.57786,0.0,0.0,134
985,2019-04-01 00:08:45.050,1.57754,1.57785,0.0,0.0,4
986,2019-04-01 00:08:45.964,1.57756,1.57786,0.0,0.0,134
987,2019-04-01 00:08:46.018,1.57756,1.5778699999999999,0.0,0.0,4
988,2019-04-01 00:08:46.116,1.5775700000000001,1.57789,0.0,0.0,134
989,2019-04-01 00:08:46.684,1.5775700000000001,1.57788,0.0,0.0,4
990,2019-04-01 00:08:46.736,1.57755,1.5778699999999999,0.0,0.0,134
991,2019-04-01 00:08:46.857,1.57755,1.57786,0.0,0.0,4
992,2019-04-01 00:08:46.967,1.57755,1.57785,0.0,0.0,4
993,2019-04-01 00:08:47.577,1.57755,1.57786,0.0,0.0,4
994,2019-04-01 00:08:47.657,1.5775700000000001,1.5778699999999999,0.0,0.0,134
995,2019-04-01 00:08:47.773,1.5775700000000001,1.57788,0.0,0.0,4
996,2019-04-01 00:08:48.235,1.57756,1.5778699999999999,0.0,0.0,134
997,2019-04-01 00:08:49.505,1.57756,1.57786,0.0,0.0,4
998,2019-04-01 00:08:50.190,1.57755,1.57786,0.0,0.0,130
999,2019-04-01 00:08:51.309,1.57756,1.57788,0.0,0.0,134
